"id"	"Reflexive_pronoun"	"De_complement"	"Year"	"Verb"
1	"no"	"no"	1386	"burlar"
2	"no"	"yes"	1400	"burlar"
3	"no"	"yes"	1412	"burlar"
4	"no"	"no"	1412	"burlar"
5	"no"	"yes"	1428	"burlar"
6	"no"	"yes"	1428	"burlar"
7	"no"	"yes"	1428	"burlar"
8	"no"	"yes"	1428	"burlar"
9	"no"	"no"	1428	"burlar"
10	"no"	"yes"	1428	"burlar"
11	"no"	"no"	1428	"burlar"
12	"no"	"yes"	1428	"burlar"
13	"no"	"yes"	1428	"burlar"
14	"no"	"yes"	1428	"burlar"
15	"no"	"yes"	1428	"burlar"
16	"no"	"yes"	1428	"burlar"
17	"no"	"yes"	1428	"burlar"
18	"no"	"yes"	1428	"burlar"
19	"no"	"yes"	1428	"burlar"
20	"no"	"no"	1428	"burlar"
21	"no"	"yes"	1428	"burlar"
22	"no"	"yes"	1428	"burlar"
23	"no"	"yes"	1428	"burlar"
24	"no"	"yes"	1428	"burlar"
25	"no"	"yes"	1428	"burlar"
26	"no"	"yes"	1428	"burlar"
27	"no"	"no"	1428	"burlar"
28	"no"	"yes"	1428	"burlar"
29	"no"	"yes"	1428	"burlar"
30	"no"	"yes"	1428	"burlar"
31	"no"	"yes"	1428	"burlar"
32	"no"	"yes"	1428	"burlar"
33	"no"	"yes"	1428	"burlar"
34	"no"	"yes"	1428	"burlar"
35	"no"	"yes"	1428	"burlar"
36	"no"	"yes"	1428	"burlar"
37	"no"	"yes"	1428	"burlar"
38	"no"	"yes"	1428	"burlar"
39	"no"	"yes"	1428	"burlar"
40	"no"	"yes"	1428	"burlar"
41	"no"	"yes"	1428	"burlar"
42	"no"	"no"	1428	"burlar"
43	"no"	"yes"	1428	"burlar"
44	"no"	"yes"	1428	"burlar"
45	"no"	"yes"	1428	"burlar"
46	"no"	"yes"	1428	"burlar"
47	"no"	"yes"	1428	"burlar"
48	"no"	"yes"	1428	"burlar"
49	"no"	"no"	1428	"burlar"
50	"no"	"no"	1428	"burlar"
51	"no"	"no"	1428	"burlar"
52	"no"	"no"	1428	"burlar"
53	"no"	"yes"	1428	"burlar"
54	"no"	"no"	1428	"burlar"
55	"no"	"yes"	1428	"burlar"
56	"no"	"yes"	1428	"burlar"
57	"no"	"yes"	1428	"burlar"
58	"no"	"yes"	1428	"burlar"
59	"no"	"yes"	1428	"burlar"
60	"no"	"yes"	1428	"burlar"
61	"no"	"yes"	1428	"burlar"
62	"no"	"yes"	1428	"burlar"
63	"no"	"yes"	1428	"burlar"
64	"no"	"yes"	1428	"burlar"
65	"no"	"yes"	1428	"burlar"
66	"no"	"yes"	1428	"burlar"
67	"no"	"yes"	1435	"burlar"
68	"no"	"no"	1438	"burlar"
69	"no"	"no"	1438	"burlar"
70	"no"	"yes"	1438	"burlar"
71	"no"	"yes"	1438	"burlar"
72	"no"	"yes"	1438	"burlar"
73	"no"	"no"	1438	"burlar"
74	"no"	"yes"	1438	"burlar"
75	"no"	"no"	1438	"burlar"
76	"no"	"yes"	1445	"burlar"
77	"no"	"yes"	1445	"burlar"
78	"no"	"yes"	1446	"burlar"
79	"no"	"yes"	1446	"burlar"
80	"no"	"no"	1446	"burlar"
81	"no"	"yes"	1446	"burlar"
82	"no"	"no"	1452	"burlar"
83	"no"	"no"	1452	"burlar"
84	"no"	"no"	1455	"burlar"
85	"no"	"no"	1459	"burlar"
86	"no"	"no"	1468	"burlar"
87	"no"	"yes"	1474	"burlar"
88	"no"	"yes"	1474	"burlar"
89	"no"	"yes"	1474	"burlar"
90	"no"	"yes"	1474	"burlar"
91	"no"	"yes"	1474	"burlar"
92	"no"	"yes"	1474	"burlar"
93	"no"	"yes"	1474	"burlar"
94	"no"	"yes"	1474	"burlar"
95	"no"	"yes"	1480	"burlar"
96	"no"	"yes"	1480	"burlar"
97	"no"	"yes"	1480	"burlar"
98	"no"	"no"	1482	"burlar"
99	"no"	"yes"	1482	"burlar"
100	"yes"	"yes"	1482	"burlar"
101	"no"	"yes"	1482	"burlar"
102	"no"	"yes"	1482	"burlar"
103	"no"	"yes"	1482	"burlar"
104	"no"	"yes"	1482	"burlar"
105	"no"	"no"	1487	"burlar"
106	"no"	"no"	1487	"burlar"
107	"no"	"no"	1487	"burlar"
108	"no"	"no"	1487	"burlar"
109	"no"	"no"	1487	"burlar"
110	"no"	"yes"	1485	"burlar"
111	"no"	"yes"	1485	"burlar"
112	"no"	"no"	1485	"burlar"
113	"no"	"no"	1485	"burlar"
114	"yes"	"yes"	1495	"burlar"
115	"yes"	"yes"	1495	"burlar"
116	"no"	"no"	1496	"burlar"
117	"no"	"yes"	1496	"burlar"
118	"no"	"no"	1500	"burlar"
119	"no"	"no"	1500	"burlar"
120	"no"	"no"	1500	"burlar"
121	"no"	"no"	1500	"burlar"
122	"no"	"no"	1500	"burlar"
123	"yes"	"no"	1500	"burlar"
124	"no"	"no"	1500	"burlar"
125	"no"	"yes"	1500	"burlar"
126	"no"	"no"	1500	"burlar"
127	"no"	"no"	1500	"burlar"
128	"no"	"no"	1500	"burlar"
129	"no"	"yes"	1500	"burlar"
130	"no"	"no"	1500	"burlar"
131	"no"	"no"	1500	"burlar"
132	"no"	"no"	1513	"burlar"
133	"no"	"yes"	1513	"burlar"
134	"no"	"yes"	1513	"burlar"
135	"no"	"yes"	1513	"burlar"
136	"no"	"no"	1513	"burlar"
137	"no"	"no"	1514	"burlar"
138	"no"	"no"	1517	"burlar"
139	"yes"	"no"	1517	"burlar"
140	"no"	"yes"	1517	"burlar"
141	"no"	"no"	1517	"burlar"
142	"no"	"no"	1517	"burlar"
143	"no"	"yes"	1517	"burlar"
144	"yes"	"no"	1517	"burlar"
145	"yes"	"no"	1517	"burlar"
146	"no"	"yes"	1517	"burlar"
147	"no"	"yes"	1517	"burlar"
148	"yes"	"yes"	1517	"burlar"
149	"no"	"no"	1517	"burlar"
150	"yes"	"no"	1517	"burlar"
151	"no"	"yes"	1517	"burlar"
152	"yes"	"yes"	1517	"burlar"
153	"no"	"no"	1517	"burlar"
154	"yes"	"yes"	1517	"burlar"
155	"yes"	"no"	1517	"burlar"
156	"yes"	"no"	1517	"burlar"
157	"no"	"no"	1517	"burlar"
158	"yes"	"no"	1517	"burlar"
159	"yes"	"yes"	1521	"burlar"
160	"yes"	"no"	1520	"burlar"
161	"no"	"no"	1520	"burlar"
162	"no"	"no"	1520	"burlar"
163	"yes"	"yes"	1524	"burlar"
164	"no"	"no"	1524	"burlar"
165	"no"	"no"	1524	"burlar"
166	"no"	"yes"	1524	"burlar"
167	"no"	"yes"	1524	"burlar"
168	"no"	"no"	1524	"burlar"
169	"no"	"yes"	1524	"burlar"
170	"yes"	"no"	1525	"burlar"
171	"yes"	"no"	1525	"burlar"
172	"no"	"yes"	1531	"burlar"
173	"no"	"no"	1531	"burlar"
174	"yes"	"no"	1531	"burlar"
175	"yes"	"no"	1531	"burlar"
176	"yes"	"yes"	1528	"burlar"
177	"yes"	"yes"	1528	"burlar"
178	"yes"	"no"	1528	"burlar"
179	"yes"	"no"	1528	"burlar"
180	"yes"	"yes"	1528	"burlar"
181	"yes"	"yes"	1527	"burlar"
182	"yes"	"yes"	1527	"burlar"
183	"no"	"yes"	1527	"burlar"
184	"no"	"no"	1527	"burlar"
185	"no"	"yes"	1527	"burlar"
186	"no"	"yes"	1527	"burlar"
187	"no"	"yes"	1527	"burlar"
188	"no"	"yes"	1527	"burlar"
189	"yes"	"yes"	1527	"burlar"
190	"no"	"yes"	1527	"burlar"
191	"no"	"yes"	1527	"burlar"
192	"yes"	"yes"	1527	"burlar"
193	"no"	"no"	1527	"burlar"
194	"no"	"no"	1527	"burlar"
195	"no"	"no"	1527	"burlar"
196	"yes"	"yes"	1527	"burlar"
197	"no"	"no"	1527	"burlar"
198	"no"	"no"	1528	"burlar"
199	"no"	"no"	1528	"burlar"
200	"no"	"no"	1528	"burlar"
201	"no"	"no"	1528	"burlar"
202	"no"	"no"	1528	"burlar"
203	"yes"	"yes"	1529	"burlar"
204	"yes"	"no"	1529	"burlar"
205	"yes"	"yes"	1529	"burlar"
206	"no"	"no"	1529	"burlar"
207	"no"	"no"	1529	"burlar"
208	"yes"	"no"	1529	"burlar"
209	"no"	"no"	1529	"burlar"
210	"yes"	"yes"	1529	"burlar"
211	"yes"	"yes"	1529	"burlar"
212	"yes"	"no"	1529	"burlar"
213	"yes"	"no"	1530	"burlar"
214	"no"	"yes"	1530	"burlar"
215	"no"	"yes"	1530	"burlar"
216	"no"	"no"	1530	"burlar"
217	"no"	"yes"	1530	"burlar"
218	"no"	"no"	1530	"burlar"
219	"no"	"yes"	1530	"burlar"
220	"no"	"no"	1530	"burlar"
221	"no"	"no"	1530	"burlar"
222	"no"	"yes"	1530	"burlar"
223	"no"	"yes"	1530	"burlar"
224	"no"	"no"	1530	"burlar"
225	"no"	"yes"	1530	"burlar"
226	"no"	"yes"	1530	"burlar"
227	"no"	"no"	1530	"burlar"
228	"yes"	"no"	1530	"burlar"
229	"no"	"no"	1530	"burlar"
230	"no"	"no"	1530	"burlar"
231	"no"	"yes"	1530	"burlar"
232	"no"	"no"	1530	"burlar"
233	"yes"	"no"	1530	"burlar"
234	"no"	"no"	1530	"burlar"
235	"no"	"yes"	1530	"burlar"
236	"no"	"no"	1530	"burlar"
237	"no"	"yes"	1530	"burlar"
238	"no"	"no"	1534	"burlar"
239	"no"	"no"	1534	"burlar"
240	"no"	"no"	1534	"burlar"
241	"no"	"no"	1534	"burlar"
242	"no"	"no"	1534	"burlar"
243	"no"	"no"	1534	"burlar"
244	"yes"	"yes"	1534	"burlar"
245	"no"	"no"	1534	"burlar"
246	"no"	"no"	1534	"burlar"
247	"no"	"no"	1534	"burlar"
248	"no"	"no"	1534	"burlar"
249	"no"	"no"	1534	"burlar"
250	"no"	"yes"	1534	"burlar"
251	"no"	"no"	1534	"burlar"
252	"no"	"yes"	1534	"burlar"
253	"no"	"no"	1534	"burlar"
254	"no"	"yes"	1534	"burlar"
255	"no"	"no"	1534	"burlar"
256	"no"	"no"	1534	"burlar"
257	"no"	"yes"	1534	"burlar"
258	"no"	"yes"	1534	"burlar"
259	"no"	"yes"	1534	"burlar"
260	"no"	"no"	1534	"burlar"
261	"no"	"no"	1534	"burlar"
262	"no"	"no"	1534	"burlar"
263	"no"	"no"	1534	"burlar"
264	"no"	"yes"	1534	"burlar"
265	"no"	"no"	1534	"burlar"
266	"no"	"no"	1534	"burlar"
267	"no"	"no"	1534	"burlar"
268	"no"	"no"	1534	"burlar"
269	"no"	"no"	1534	"burlar"
270	"no"	"yes"	1534	"burlar"
271	"no"	"no"	1534	"burlar"
272	"no"	"yes"	1534	"burlar"
273	"no"	"no"	1534	"burlar"
274	"no"	"no"	1534	"burlar"
275	"no"	"no"	1534	"burlar"
276	"no"	"yes"	1534	"burlar"
277	"no"	"no"	1534	"burlar"
278	"no"	"yes"	1535	"burlar"
279	"no"	"yes"	1535	"burlar"
280	"no"	"yes"	1535	"burlar"
281	"no"	"no"	1536	"burlar"
282	"no"	"no"	1536	"burlar"
283	"yes"	"yes"	1536	"burlar"
284	"no"	"yes"	1536	"burlar"
285	"no"	"no"	1536	"burlar"
286	"no"	"no"	1536	"burlar"
287	"no"	"yes"	1540	"burlar"
288	"no"	"yes"	1540	"burlar"
289	"no"	"no"	1540	"burlar"
290	"no"	"yes"	1540	"burlar"
291	"no"	"no"	1540	"burlar"
292	"no"	"no"	1540	"burlar"
293	"no"	"no"	1540	"burlar"
294	"no"	"no"	1540	"burlar"
295	"no"	"no"	1540	"burlar"
296	"no"	"yes"	1540	"burlar"
297	"no"	"no"	1540	"burlar"
298	"yes"	"no"	1545	"burlar"
299	"yes"	"no"	1545	"burlar"
300	"no"	"no"	1545	"burlar"
301	"yes"	"yes"	1545	"burlar"
302	"yes"	"yes"	1545	"burlar"
303	"no"	"yes"	1545	"burlar"
304	"no"	"yes"	1545	"burlar"
305	"yes"	"yes"	1545	"burlar"
306	"yes"	"yes"	1545	"burlar"
307	"no"	"yes"	1554	"burlar"
308	"no"	"no"	1544	"burlar"
309	"yes"	"yes"	1544	"burlar"
310	"no"	"no"	1544	"burlar"
311	"no"	"no"	1544	"burlar"
312	"no"	"yes"	1544	"burlar"
313	"yes"	"no"	1545	"burlar"
314	"yes"	"no"	1545	"burlar"
315	"yes"	"no"	1555	"burlar"
316	"yes"	"no"	1555	"burlar"
317	"yes"	"no"	1555	"burlar"
318	"yes"	"no"	1555	"burlar"
319	"yes"	"no"	1555	"burlar"
320	"no"	"no"	1565	"burlar"
321	"no"	"yes"	1565	"burlar"
322	"no"	"yes"	1565	"burlar"
323	"no"	"no"	1565	"burlar"
324	"no"	"no"	1565	"burlar"
325	"yes"	"no"	1578	"burlar"
326	"no"	"yes"	1578	"burlar"
327	"no"	"no"	1578	"burlar"
328	"yes"	"no"	1578	"burlar"
329	"no"	"no"	1552	"burlar"
330	"no"	"yes"	1554	"burlar"
331	"no"	"yes"	1554	"burlar"
332	"no"	"no"	1554	"burlar"
333	"no"	"yes"	1554	"burlar"
334	"no"	"yes"	1554	"burlar"
335	"yes"	"yes"	1554	"burlar"
336	"no"	"yes"	1554	"burlar"
337	"no"	"yes"	1554	"burlar"
338	"no"	"yes"	1554	"burlar"
339	"no"	"yes"	1554	"burlar"
340	"no"	"yes"	1554	"burlar"
341	"no"	"yes"	1554	"burlar"
342	"no"	"yes"	1554	"burlar"
343	"no"	"no"	1554	"burlar"
344	"no"	"no"	1554	"burlar"
345	"no"	"yes"	1554	"burlar"
346	"no"	"yes"	1558	"burlar"
347	"no"	"no"	1558	"burlar"
348	"no"	"no"	1558	"burlar"
349	"no"	"no"	1558	"burlar"
350	"no"	"no"	1558	"burlar"
351	"yes"	"no"	1559	"burlar"
352	"no"	"yes"	1559	"burlar"
353	"yes"	"yes"	1559	"burlar"
354	"no"	"yes"	1559	"burlar"
355	"no"	"yes"	1559	"burlar"
356	"no"	"no"	1559	"burlar"
357	"yes"	"no"	1559	"burlar"
358	"no"	"yes"	1559	"burlar"
359	"no"	"yes"	1559	"burlar"
360	"yes"	"yes"	1559	"burlar"
361	"no"	"no"	1559	"burlar"
362	"no"	"yes"	1564	"burlar"
363	"no"	"yes"	1564	"burlar"
364	"no"	"yes"	1564	"burlar"
365	"no"	"yes"	1564	"burlar"
366	"no"	"yes"	1564	"burlar"
367	"no"	"no"	1566	"burlar"
368	"yes"	"yes"	1566	"burlar"
369	"yes"	"yes"	1566	"burlar"
370	"no"	"yes"	1566	"burlar"
371	"no"	"yes"	1572	"burlar"
372	"no"	"no"	1572	"burlar"
373	"no"	"no"	1572	"burlar"
374	"no"	"no"	1572	"burlar"
375	"no"	"no"	1572	"burlar"
376	"no"	"yes"	1569	"burlar"
377	"no"	"yes"	1569	"burlar"
378	"no"	"yes"	1569	"burlar"
379	"yes"	"yes"	1569	"burlar"
380	"no"	"no"	1569	"burlar"
381	"no"	"no"	1569	"burlar"
382	"yes"	"yes"	1569	"burlar"
383	"yes"	"no"	1569	"burlar"
384	"yes"	"no"	1569	"burlar"
385	"no"	"no"	1569	"burlar"
386	"no"	"yes"	1569	"burlar"
387	"yes"	"no"	1569	"burlar"
388	"no"	"yes"	1569	"burlar"
389	"yes"	"no"	1569	"burlar"
390	"yes"	"yes"	1569	"burlar"
391	"no"	"yes"	1569	"burlar"
392	"no"	"yes"	1569	"burlar"
393	"no"	"yes"	1569	"burlar"
394	"no"	"yes"	1569	"burlar"
395	"no"	"yes"	1569	"burlar"
396	"no"	"yes"	1571	"burlar"
397	"no"	"yes"	1571	"burlar"
398	"no"	"no"	1569	"burlar"
399	"no"	"no"	1578	"burlar"
400	"no"	"no"	1574	"burlar"
401	"no"	"yes"	1574	"burlar"
402	"yes"	"no"	1574	"burlar"
403	"yes"	"no"	1574	"burlar"
404	"yes"	"no"	1574	"burlar"
405	"yes"	"no"	1574	"burlar"
406	"no"	"yes"	1574	"burlar"
407	"no"	"yes"	1574	"burlar"
408	"yes"	"no"	1574	"burlar"
409	"yes"	"no"	1574	"burlar"
410	"no"	"yes"	1582	"burlar"
411	"no"	"yes"	1582	"burlar"
412	"yes"	"yes"	1582	"burlar"
413	"yes"	"yes"	1596	"burlar"
414	"yes"	"yes"	1596	"burlar"
415	"no"	"yes"	1596	"burlar"
416	"no"	"no"	1596	"burlar"
417	"yes"	"yes"	1596	"burlar"
418	"no"	"yes"	1596	"burlar"
419	"yes"	"yes"	1596	"burlar"
420	"no"	"yes"	1596	"burlar"
421	"yes"	"yes"	1596	"burlar"
422	"no"	"yes"	1596	"burlar"
423	"no"	"no"	1581	"burlar"
424	"yes"	"yes"	1585	"burlar"
425	"yes"	"yes"	1585	"burlar"
426	"no"	"yes"	1585	"burlar"
427	"no"	"yes"	1585	"burlar"
428	"yes"	"yes"	1587	"burlar"
429	"yes"	"no"	1587	"burlar"
430	"no"	"yes"	1587	"burlar"
431	"yes"	"no"	1587	"burlar"
432	"yes"	"no"	1587	"burlar"
433	"yes"	"no"	1587	"burlar"
434	"yes"	"yes"	1587	"burlar"
435	"yes"	"no"	1587	"burlar"
436	"no"	"yes"	1588	"burlar"
437	"no"	"yes"	1588	"burlar"
438	"yes"	"yes"	1588	"burlar"
439	"yes"	"yes"	1588	"burlar"
440	"no"	"no"	1588	"burlar"
441	"no"	"yes"	1588	"burlar"
442	"yes"	"yes"	1593	"burlar"
443	"yes"	"no"	1593	"burlar"
444	"no"	"yes"	1593	"burlar"
445	"no"	"no"	1593	"burlar"
446	"yes"	"yes"	1593	"burlar"
447	"no"	"yes"	1596	"burlar"
448	"no"	"no"	1596	"burlar"
449	"no"	"no"	1596	"burlar"
450	"no"	"no"	1596	"burlar"
451	"no"	"no"	1596	"burlar"
452	"no"	"yes"	1596	"burlar"
453	"no"	"no"	1596	"burlar"
454	"no"	"no"	1596	"burlar"
455	"no"	"yes"	1596	"burlar"
456	"no"	"yes"	1621	"burlar"
457	"no"	"no"	1621	"burlar"
458	"no"	"yes"	1621	"burlar"
459	"no"	"no"	1621	"burlar"
460	"no"	"no"	1621	"burlar"
461	"yes"	"no"	1621	"burlar"
462	"no"	"yes"	1621	"burlar"
463	"yes"	"yes"	1621	"burlar"
464	"yes"	"no"	1621	"burlar"
465	"yes"	"yes"	1621	"burlar"
466	"no"	"no"	1621	"burlar"
467	"no"	"no"	1597	"burlar"
468	"no"	"yes"	1597	"burlar"
469	"yes"	"yes"	1598	"burlar"
470	"yes"	"no"	1598	"burlar"
471	"yes"	"no"	1598	"burlar"
472	"no"	"no"	1598	"burlar"
473	"yes"	"yes"	1598	"burlar"
474	"yes"	"yes"	1599	"burlar"
475	"yes"	"no"	1599	"burlar"
476	"yes"	"yes"	1599	"burlar"
477	"yes"	"no"	1599	"burlar"
478	"no"	"yes"	1599	"burlar"
479	"no"	"yes"	1600	"burlar"
480	"no"	"yes"	1600	"burlar"
481	"no"	"yes"	1600	"burlar"
482	"yes"	"yes"	1600	"burlar"
483	"no"	"yes"	1600	"burlar"
484	"no"	"yes"	1600	"burlar"
485	"no"	"yes"	1600	"burlar"
486	"yes"	"no"	1600	"burlar"
487	"no"	"no"	1600	"burlar"
488	"no"	"yes"	1600	"burlar"
489	"no"	"no"	1600	"burlar"
490	"no"	"yes"	1600	"burlar"
491	"yes"	"yes"	1600	"burlar"
492	"no"	"yes"	1600	"burlar"
493	"no"	"yes"	1600	"burlar"
494	"no"	"yes"	1600	"burlar"
495	"no"	"no"	1600	"burlar"
496	"yes"	"no"	1609	"burlar"
497	"no"	"yes"	1609	"burlar"
498	"no"	"no"	1609	"burlar"
499	"no"	"no"	1606	"burlar"
500	"yes"	"no"	1606	"burlar"
501	"yes"	"no"	1606	"burlar"
502	"no"	"yes"	1606	"burlar"
503	"no"	"yes"	1600	"burlar"
504	"no"	"no"	1603	"burlar"
505	"yes"	"no"	1603	"burlar"
506	"yes"	"no"	1603	"burlar"
507	"no"	"no"	1603	"burlar"
508	"yes"	"no"	1603	"burlar"
509	"yes"	"no"	1603	"burlar"
510	"no"	"no"	1603	"burlar"
511	"no"	"yes"	1612	"burlar"
512	"yes"	"yes"	1604	"burlar"
513	"no"	"yes"	1604	"burlar"
514	"yes"	"yes"	1604	"burlar"
515	"yes"	"yes"	1604	"burlar"
516	"yes"	"no"	1605	"burlar"
517	"yes"	"no"	1605	"burlar"
518	"no"	"no"	1605	"burlar"
519	"no"	"yes"	1605	"burlar"
520	"yes"	"no"	1605	"burlar"
521	"yes"	"no"	1605	"burlar"
522	"yes"	"no"	1605	"burlar"
523	"no"	"yes"	1605	"burlar"
524	"no"	"no"	1605	"burlar"
525	"yes"	"no"	1605	"burlar"
526	"yes"	"no"	1605	"burlar"
527	"yes"	"no"	1605	"burlar"
528	"no"	"no"	1605	"burlar"
529	"yes"	"no"	1605	"burlar"
530	"no"	"no"	1605	"burlar"
531	"yes"	"no"	1605	"burlar"
532	"yes"	"no"	1605	"burlar"
533	"yes"	"no"	1605	"burlar"
534	"yes"	"no"	1605	"burlar"
535	"yes"	"no"	1605	"burlar"
536	"yes"	"no"	1605	"burlar"
537	"yes"	"no"	1605	"burlar"
538	"no"	"no"	1605	"burlar"
539	"yes"	"no"	1605	"burlar"
540	"yes"	"yes"	1605	"burlar"
541	"yes"	"yes"	1607	"burlar"
542	"yes"	"no"	1608	"burlar"
543	"yes"	"yes"	1609	"burlar"
544	"yes"	"no"	1609	"burlar"
545	"yes"	"yes"	1612	"burlar"
546	"yes"	"yes"	1612	"burlar"
547	"yes"	"no"	1612	"burlar"
548	"yes"	"no"	1612	"burlar"
549	"no"	"yes"	1612	"burlar"
550	"yes"	"yes"	1612	"burlar"
551	"yes"	"yes"	1614	"burlar"
552	"no"	"yes"	1614	"burlar"
553	"yes"	"yes"	1614	"burlar"
554	"yes"	"yes"	1614	"burlar"
555	"no"	"no"	1615	"burlar"
556	"yes"	"no"	1615	"burlar"
557	"yes"	"no"	1615	"burlar"
558	"no"	"yes"	1615	"burlar"
559	"yes"	"no"	1615	"burlar"
560	"yes"	"no"	1615	"burlar"
561	"yes"	"no"	1615	"burlar"
562	"no"	"yes"	1615	"burlar"
563	"yes"	"yes"	1615	"burlar"
564	"no"	"no"	1615	"burlar"
565	"no"	"no"	1615	"burlar"
566	"yes"	"no"	1615	"burlar"
567	"no"	"no"	1615	"burlar"
568	"yes"	"no"	1615	"burlar"
569	"no"	"no"	1615	"burlar"
570	"yes"	"no"	1615	"burlar"
571	"no"	"no"	1615	"burlar"
572	"no"	"no"	1615	"burlar"
573	"yes"	"no"	1615	"burlar"
574	"yes"	"no"	1615	"burlar"
575	"yes"	"no"	1615	"burlar"
576	"yes"	"yes"	1615	"burlar"
577	"yes"	"no"	1615	"burlar"
578	"yes"	"yes"	1615	"burlar"
579	"yes"	"yes"	1615	"burlar"
580	"yes"	"no"	1615	"burlar"
581	"yes"	"no"	1615	"burlar"
582	"yes"	"no"	1615	"burlar"
583	"yes"	"no"	1615	"burlar"
584	"yes"	"yes"	1617	"burlar"
585	"no"	"no"	1618	"burlar"
586	"yes"	"yes"	1618	"burlar"
587	"yes"	"no"	1620	"burlar"
588	"yes"	"no"	1622	"burlar"
589	"yes"	"yes"	1622	"burlar"
590	"yes"	"no"	1621	"burlar"
591	"yes"	"yes"	1621	"burlar"
592	"yes"	"yes"	1626	"burlar"
593	"yes"	"no"	1622	"burlar"
594	"yes"	"no"	1622	"burlar"
595	"yes"	"yes"	1622	"burlar"
596	"yes"	"yes"	1624	"burlar"
597	"yes"	"yes"	1624	"burlar"
598	"yes"	"yes"	1624	"burlar"
599	"yes"	"no"	1624	"burlar"
600	"yes"	"yes"	1624	"burlar"
601	"yes"	"yes"	1624	"burlar"
602	"no"	"yes"	1624	"burlar"
603	"no"	"yes"	1624	"burlar"
604	"yes"	"no"	1624	"burlar"
605	"yes"	"yes"	1625	"burlar"
606	"yes"	"no"	1626	"burlar"
607	"yes"	"no"	1626	"burlar"
608	"yes"	"no"	1626	"burlar"
609	"no"	"no"	1626	"burlar"
610	"yes"	"yes"	1626	"burlar"
611	"yes"	"no"	1626	"burlar"
612	"yes"	"no"	1626	"burlar"
613	"no"	"yes"	1626	"burlar"
614	"yes"	"no"	1626	"burlar"
615	"yes"	"no"	1626	"burlar"
616	"yes"	"no"	1626	"burlar"
617	"no"	"yes"	1626	"burlar"
618	"yes"	"yes"	1626	"burlar"
619	"no"	"no"	1626	"burlar"
620	"yes"	"yes"	1626	"burlar"
621	"no"	"yes"	1626	"burlar"
622	"yes"	"yes"	1626	"burlar"
623	"no"	"yes"	1626	"burlar"
624	"yes"	"yes"	1626	"burlar"
625	"yes"	"yes"	1626	"burlar"
626	"yes"	"no"	1626	"burlar"
627	"no"	"yes"	1630	"burlar"
628	"yes"	"yes"	1630	"burlar"
629	"yes"	"no"	1632	"burlar"
630	"yes"	"no"	1632	"burlar"
631	"no"	"no"	1632	"burlar"
632	"yes"	"yes"	1632	"burlar"
633	"yes"	"no"	1632	"burlar"
634	"yes"	"yes"	1632	"burlar"
635	"yes"	"no"	1632	"burlar"
636	"yes"	"no"	1632	"burlar"
637	"yes"	"yes"	1632	"burlar"
638	"yes"	"yes"	1634	"burlar"
639	"yes"	"no"	1634	"burlar"
640	"yes"	"yes"	1634	"burlar"
641	"no"	"no"	1634	"burlar"
642	"yes"	"yes"	1634	"burlar"
643	"yes"	"yes"	1634	"burlar"
644	"yes"	"no"	1634	"burlar"
645	"no"	"yes"	1634	"burlar"
646	"no"	"yes"	1643	"burlar"
647	"no"	"no"	1635	"burlar"
648	"no"	"no"	1635	"burlar"
649	"no"	"no"	1635	"burlar"
650	"yes"	"no"	1643	"burlar"
651	"yes"	"yes"	1640	"burlar"
652	"yes"	"no"	1636	"burlar"
653	"yes"	"yes"	1637	"burlar"
654	"yes"	"yes"	1639	"burlar"
655	"yes"	"yes"	1641	"burlar"
656	"yes"	"yes"	1641	"burlar"
657	"yes"	"yes"	1641	"burlar"
658	"yes"	"yes"	1641	"burlar"
659	"yes"	"yes"	1641	"burlar"
660	"yes"	"no"	1644	"burlar"
661	"yes"	"no"	1644	"burlar"
662	"yes"	"yes"	1644	"burlar"
663	"yes"	"yes"	1644	"burlar"
664	"yes"	"yes"	1645	"burlar"
665	"yes"	"yes"	1645	"burlar"
666	"yes"	"yes"	1645	"burlar"
667	"yes"	"yes"	1645	"burlar"
668	"yes"	"yes"	1645	"burlar"
669	"yes"	"no"	1646	"burlar"
670	"yes"	"yes"	1646	"burlar"
671	"yes"	"no"	1651	"burlar"
672	"yes"	"yes"	1651	"burlar"
673	"no"	"yes"	1651	"burlar"
674	"yes"	"yes"	1651	"burlar"
675	"yes"	"no"	1651	"burlar"
676	"yes"	"yes"	1651	"burlar"
677	"no"	"yes"	1654	"burlar"
678	"no"	"no"	1654	"burlar"
679	"yes"	"no"	1654	"burlar"
680	"no"	"yes"	1654	"burlar"
681	"yes"	"yes"	1663	"burlar"
682	"yes"	"no"	1663	"burlar"
683	"yes"	"no"	1703	"burlar"
684	"yes"	"yes"	1703	"burlar"
685	"yes"	"yes"	1703	"burlar"
686	"yes"	"yes"	1703	"burlar"
687	"yes"	"yes"	1703	"burlar"
688	"yes"	"yes"	1703	"burlar"
689	"yes"	"yes"	1703	"burlar"
690	"yes"	"yes"	1703	"burlar"
691	"yes"	"yes"	1703	"burlar"
692	"yes"	"yes"	1725	"burlar"
693	"yes"	"yes"	1725	"burlar"
694	"yes"	"yes"	1734	"burlar"
695	"yes"	"yes"	1734	"burlar"
696	"yes"	"yes"	1734	"burlar"
697	"yes"	"yes"	1734	"burlar"
698	"yes"	"yes"	1734	"burlar"
699	"yes"	"no"	1734	"burlar"
700	"yes"	"yes"	1734	"burlar"
701	"yes"	"yes"	1734	"burlar"
702	"no"	"no"	1734	"burlar"
703	"yes"	"yes"	1727	"burlar"
704	"yes"	"yes"	1728	"burlar"
705	"yes"	"yes"	1728	"burlar"
706	"yes"	"yes"	1728	"burlar"
707	"yes"	"yes"	1728	"burlar"
708	"yes"	"yes"	1728	"burlar"
709	"yes"	"yes"	1728	"burlar"
710	"yes"	"no"	1733	"burlar"
711	"yes"	"yes"	1733	"burlar"
712	"yes"	"no"	1746	"burlar"
713	"yes"	"yes"	1746	"burlar"
714	"yes"	"no"	1740	"burlar"
715	"yes"	"yes"	1743	"burlar"
716	"yes"	"no"	1743	"burlar"
717	"yes"	"no"	1743	"burlar"
718	"yes"	"yes"	1743	"burlar"
719	"yes"	"yes"	1743	"burlar"
720	"yes"	"yes"	1743	"burlar"
721	"yes"	"yes"	1743	"burlar"
722	"yes"	"yes"	1743	"burlar"
723	"yes"	"yes"	1750	"burlar"
724	"yes"	"yes"	1750	"burlar"
725	"yes"	"yes"	1750	"burlar"
726	"yes"	"yes"	1750	"burlar"
727	"yes"	"yes"	1750	"burlar"
728	"yes"	"yes"	1757	"burlar"
729	"yes"	"yes"	1758	"burlar"
730	"yes"	"no"	1758	"burlar"
731	"yes"	"yes"	1758	"burlar"
732	"yes"	"yes"	1758	"burlar"
733	"yes"	"yes"	1758	"burlar"
734	"yes"	"yes"	1758	"burlar"
735	"yes"	"yes"	1758	"burlar"
736	"yes"	"yes"	1758	"burlar"
737	"yes"	"yes"	1758	"burlar"
738	"yes"	"yes"	1758	"burlar"
739	"yes"	"yes"	1758	"burlar"
740	"yes"	"yes"	1758	"burlar"
741	"yes"	"yes"	1758	"burlar"
742	"yes"	"yes"	1758	"burlar"
743	"yes"	"yes"	1758	"burlar"
744	"yes"	"yes"	1758	"burlar"
745	"yes"	"yes"	1758	"burlar"
746	"yes"	"yes"	1758	"burlar"
747	"yes"	"yes"	1758	"burlar"
748	"yes"	"yes"	1758	"burlar"
749	"yes"	"yes"	1758	"burlar"
750	"yes"	"no"	1758	"burlar"
751	"yes"	"no"	1758	"burlar"
752	"yes"	"yes"	1758	"burlar"
753	"yes"	"yes"	1758	"burlar"
754	"yes"	"yes"	1758	"burlar"
755	"yes"	"yes"	1759	"burlar"
756	"yes"	"yes"	1762	"burlar"
757	"yes"	"yes"	1762	"burlar"
758	"yes"	"yes"	1762	"burlar"
759	"yes"	"yes"	1762	"burlar"
760	"yes"	"yes"	1765	"burlar"
761	"yes"	"no"	1765	"burlar"
762	"yes"	"yes"	1771	"burlar"
763	"yes"	"yes"	1771	"burlar"
764	"yes"	"yes"	1770	"burlar"
765	"yes"	"yes"	1772	"burlar"
766	"yes"	"yes"	1772	"burlar"
767	"yes"	"yes"	1772	"burlar"
768	"yes"	"yes"	1772	"burlar"
769	"yes"	"yes"	1772	"burlar"
770	"yes"	"yes"	1772	"burlar"
771	"yes"	"yes"	1772	"burlar"
772	"yes"	"no"	1773	"burlar"
773	"yes"	"yes"	1776	"burlar"
774	"yes"	"yes"	1776	"burlar"
775	"yes"	"yes"	1776	"burlar"
776	"yes"	"yes"	1776	"burlar"
777	"yes"	"yes"	1776	"burlar"
778	"yes"	"no"	1775	"burlar"
779	"yes"	"yes"	1775	"burlar"
780	"yes"	"no"	1775	"burlar"
781	"yes"	"no"	1782	"burlar"
782	"yes"	"yes"	1782	"burlar"
783	"yes"	"yes"	1782	"burlar"
784	"yes"	"yes"	1782	"burlar"
785	"yes"	"yes"	1782	"burlar"
786	"no"	"no"	1782	"burlar"
787	"yes"	"yes"	1782	"burlar"
788	"yes"	"yes"	1784	"burlar"
789	"yes"	"yes"	1784	"burlar"
790	"no"	"no"	1784	"burlar"
791	"no"	"no"	1784	"burlar"
792	"yes"	"no"	1784	"burlar"
793	"no"	"no"	1784	"burlar"
794	"yes"	"yes"	1785	"burlar"
795	"yes"	"yes"	1785	"burlar"
796	"yes"	"yes"	1785	"burlar"
797	"yes"	"yes"	1785	"burlar"
798	"yes"	"no"	1785	"burlar"
799	"yes"	"yes"	1786	"burlar"
800	"yes"	"no"	1786	"burlar"
801	"yes"	"yes"	1786	"burlar"
802	"yes"	"no"	1786	"burlar"
803	"yes"	"yes"	1786	"burlar"
804	"yes"	"yes"	1786	"burlar"
805	"yes"	"yes"	1787	"burlar"
806	"no"	"yes"	1787	"burlar"
807	"yes"	"yes"	1787	"burlar"
808	"yes"	"yes"	1787	"burlar"
809	"yes"	"yes"	1787	"burlar"
810	"yes"	"no"	1787	"burlar"
811	"yes"	"yes"	1787	"burlar"
812	"yes"	"yes"	1792	"burlar"
813	"yes"	"yes"	1792	"burlar"
814	"yes"	"yes"	1792	"burlar"
815	"yes"	"yes"	1789	"burlar"
816	"yes"	"yes"	1789	"burlar"
817	"yes"	"yes"	1789	"burlar"
818	"no"	"yes"	1800	"burlar"
819	"yes"	"yes"	1805	"burlar"
820	"yes"	"no"	1805	"burlar"
821	"yes"	"yes"	1805	"burlar"
822	"yes"	"no"	1805	"burlar"
823	"yes"	"yes"	1805	"burlar"
824	"yes"	"no"	1805	"burlar"
825	"yes"	"yes"	1806	"burlar"
826	"yes"	"yes"	1806	"burlar"
827	"yes"	"yes"	1806	"burlar"
828	"yes"	"yes"	1806	"burlar"
829	"yes"	"yes"	1806	"burlar"
830	"yes"	"no"	1806	"burlar"
831	"yes"	"no"	1806	"burlar"
832	"yes"	"yes"	1806	"burlar"
833	"yes"	"yes"	1806	"burlar"
834	"no"	"no"	1806	"burlar"
835	"yes"	"yes"	1792	"burlar"
836	"yes"	"no"	1792	"burlar"
837	"yes"	"yes"	1793	"burlar"
838	"no"	"yes"	1796	"burlar"
839	"no"	"yes"	1797	"burlar"
840	"yes"	"no"	1797	"burlar"
841	"yes"	"no"	1807	"burlar"
842	"yes"	"yes"	1807	"burlar"
843	"yes"	"yes"	1807	"burlar"
844	"yes"	"yes"	1807	"burlar"
845	"yes"	"yes"	1807	"burlar"
846	"yes"	"yes"	1807	"burlar"
847	"yes"	"no"	1800	"burlar"
848	"yes"	"no"	1800	"burlar"
849	"yes"	"no"	1805	"burlar"
850	"yes"	"yes"	1806	"burlar"
851	"no"	"yes"	1808	"burlar"
852	"yes"	"no"	1813	"burlar"
853	"yes"	"no"	1813	"burlar"
854	"yes"	"yes"	1815	"burlar"
855	"yes"	"yes"	1833	"burlar"
856	"yes"	"no"	1833	"burlar"
857	"yes"	"yes"	1834	"burlar"
858	"yes"	"yes"	1834	"burlar"
859	"yes"	"no"	1834	"burlar"
860	"yes"	"yes"	1834	"burlar"
861	"yes"	"yes"	1834	"burlar"
862	"yes"	"yes"	1834	"burlar"
863	"yes"	"yes"	1835	"burlar"
864	"yes"	"yes"	1836	"burlar"
865	"yes"	"yes"	1836	"burlar"
866	"yes"	"yes"	1846	"burlar"
867	"yes"	"yes"	1844	"burlar"
868	"yes"	"yes"	1844	"burlar"
869	"yes"	"yes"	1844	"burlar"
870	"yes"	"yes"	1844	"burlar"
871	"yes"	"yes"	1844	"burlar"
872	"yes"	"yes"	1844	"burlar"
873	"yes"	"yes"	1847	"burlar"
874	"yes"	"yes"	1847	"burlar"
875	"yes"	"yes"	1847	"burlar"
876	"yes"	"no"	1847	"burlar"
877	"yes"	"no"	1847	"burlar"
878	"yes"	"no"	1847	"burlar"
879	"yes"	"no"	1847	"burlar"
880	"yes"	"yes"	1849	"burlar"
881	"yes"	"yes"	1849	"burlar"
882	"yes"	"yes"	1849	"burlar"
883	"yes"	"yes"	1849	"burlar"
884	"yes"	"yes"	1849	"burlar"
885	"yes"	"yes"	1849	"burlar"
886	"yes"	"yes"	1849	"burlar"
887	"yes"	"yes"	1849	"burlar"
888	"yes"	"yes"	1849	"burlar"
889	"yes"	"yes"	1849	"burlar"
890	"yes"	"yes"	1849	"burlar"
891	"yes"	"yes"	1849	"burlar"
892	"yes"	"yes"	1849	"burlar"
893	"yes"	"yes"	1849	"burlar"
894	"yes"	"yes"	1849	"burlar"
895	"yes"	"yes"	1849	"burlar"
896	"yes"	"no"	1850	"burlar"
897	"yes"	"yes"	1850	"burlar"
898	"yes"	"yes"	1850	"burlar"
899	"yes"	"yes"	1850	"burlar"
900	"yes"	"yes"	1854	"burlar"
901	"yes"	"yes"	1855	"burlar"
902	"yes"	"yes"	1859	"burlar"
903	"yes"	"yes"	1860	"burlar"
904	"yes"	"yes"	1860	"burlar"
905	"yes"	"yes"	1861	"burlar"
906	"yes"	"no"	1864	"burlar"
907	"yes"	"yes"	1864	"burlar"
908	"yes"	"no"	1864	"burlar"
909	"yes"	"no"	1867	"burlar"
910	"yes"	"yes"	1867	"burlar"
911	"yes"	"yes"	1867	"burlar"
912	"yes"	"yes"	1867	"burlar"
913	"yes"	"yes"	1867	"burlar"
914	"yes"	"yes"	1871	"burlar"
915	"yes"	"yes"	1871	"burlar"
916	"yes"	"no"	1871	"burlar"
917	"yes"	"yes"	1873	"burlar"
918	"yes"	"yes"	1874	"burlar"
919	"yes"	"no"	1874	"burlar"
920	"yes"	"yes"	1874	"burlar"
921	"yes"	"yes"	1874	"burlar"
922	"yes"	"yes"	1874	"burlar"
923	"yes"	"yes"	1884	"burlar"
924	"yes"	"yes"	1884	"burlar"
925	"yes"	"yes"	1884	"burlar"
926	"yes"	"yes"	1879	"burlar"
927	"yes"	"yes"	1879	"burlar"
928	"yes"	"yes"	1879	"burlar"
929	"yes"	"yes"	1879	"burlar"
930	"yes"	"yes"	1879	"burlar"
931	"yes"	"yes"	1879	"burlar"
932	"yes"	"yes"	1879	"burlar"
933	"yes"	"yes"	1879	"burlar"
934	"yes"	"yes"	1879	"burlar"
935	"yes"	"yes"	1879	"burlar"
936	"yes"	"yes"	1884	"burlar"
937	"yes"	"yes"	1884	"burlar"
938	"yes"	"yes"	1884	"burlar"
939	"yes"	"yes"	1884	"burlar"
940	"yes"	"yes"	1884	"burlar"
941	"yes"	"yes"	1884	"burlar"
942	"yes"	"yes"	1884	"burlar"
943	"yes"	"no"	1884	"burlar"
944	"yes"	"yes"	1884	"burlar"
945	"yes"	"yes"	1884	"burlar"
946	"yes"	"yes"	1884	"burlar"
947	"yes"	"yes"	1884	"burlar"
948	"yes"	"yes"	1884	"burlar"
949	"yes"	"yes"	1884	"burlar"
950	"yes"	"yes"	1884	"burlar"
951	"yes"	"yes"	1884	"burlar"
952	"yes"	"no"	1884	"burlar"
953	"yes"	"yes"	1884	"burlar"
954	"yes"	"yes"	1884	"burlar"
955	"yes"	"yes"	1884	"burlar"
956	"yes"	"no"	1884	"burlar"
957	"yes"	"yes"	1884	"burlar"
958	"yes"	"yes"	1884	"burlar"
959	"yes"	"yes"	1884	"burlar"
960	"yes"	"yes"	1884	"burlar"
961	"yes"	"yes"	1884	"burlar"
962	"yes"	"yes"	1884	"burlar"
963	"yes"	"yes"	1884	"burlar"
964	"yes"	"yes"	1884	"burlar"
965	"yes"	"yes"	1884	"burlar"
966	"yes"	"yes"	1884	"burlar"
967	"yes"	"yes"	1886	"burlar"
968	"yes"	"yes"	1886	"burlar"
969	"yes"	"no"	1895	"burlar"
970	"yes"	"yes"	1895	"burlar"
971	"yes"	"yes"	1895	"burlar"
972	"yes"	"yes"	1895	"burlar"
973	"yes"	"no"	1895	"burlar"
974	"yes"	"yes"	1895	"burlar"
975	"yes"	"yes"	1898	"burlar"
976	"yes"	"yes"	1898	"burlar"
977	"yes"	"no"	1895	"burlar"
978	"yes"	"yes"	1895	"burlar"
979	"yes"	"yes"	1895	"burlar"
980	"yes"	"yes"	1897	"burlar"
981	"yes"	"no"	1897	"burlar"
982	"yes"	"yes"	1897	"burlar"
983	"yes"	"yes"	1898	"burlar"
984	"yes"	"yes"	1898	"burlar"
985	"yes"	"yes"	1898	"burlar"
986	"yes"	"yes"	1898	"burlar"
987	"yes"	"yes"	1898	"burlar"
988	"yes"	"yes"	1898	"burlar"
989	"yes"	"yes"	1898	"burlar"
990	"yes"	"yes"	1898	"burlar"
991	"yes"	"yes"	1898	"burlar"
992	"yes"	"yes"	1898	"burlar"
993	"yes"	"yes"	1898	"burlar"
994	"yes"	"no"	1898	"burlar"
995	"yes"	"yes"	1898	"burlar"
996	"yes"	"yes"	1898	"burlar"
997	"yes"	"yes"	1898	"burlar"
998	"yes"	"yes"	1898	"burlar"
999	"yes"	"yes"	1898	"burlar"
1000	"yes"	"yes"	1898	"burlar"
1001	"yes"	"yes"	1902	"burlar"
1002	"yes"	"yes"	1902	"burlar"
1003	"yes"	"yes"	1902	"burlar"
1004	"yes"	"yes"	1902	"burlar"
1005	"yes"	"yes"	1902	"burlar"
1006	"yes"	"yes"	1902	"burlar"
1007	"yes"	"yes"	1902	"burlar"
1008	"yes"	"yes"	1902	"burlar"
1009	"yes"	"yes"	1902	"burlar"
1010	"yes"	"yes"	1902	"burlar"
1011	"yes"	"yes"	1902	"burlar"
1012	"yes"	"yes"	1902	"burlar"
1013	"yes"	"yes"	1902	"burlar"
1014	"yes"	"yes"	1905	"burlar"
1015	"yes"	"no"	1905	"burlar"
1016	"yes"	"no"	1905	"burlar"
1017	"yes"	"no"	1905	"burlar"
1018	"yes"	"yes"	1905	"burlar"
1019	"yes"	"yes"	1905	"burlar"
1020	"yes"	"yes"	1905	"burlar"
1021	"yes"	"no"	1905	"burlar"
1022	"yes"	"no"	1905	"burlar"
1023	"yes"	"yes"	1905	"burlar"
1024	"yes"	"yes"	1905	"burlar"
1025	"yes"	"yes"	1906	"burlar"
1026	"yes"	"yes"	1906	"burlar"
1027	"no"	"no"	1906	"burlar"
1028	"yes"	"no"	1907	"burlar"
1029	"yes"	"no"	1907	"burlar"
1030	"yes"	"yes"	1907	"burlar"
1031	"yes"	"no"	1907	"burlar"
1032	"yes"	"yes"	1907	"burlar"
1033	"yes"	"no"	1908	"burlar"
1034	"yes"	"yes"	1908	"burlar"
1035	"yes"	"yes"	1911	"burlar"
1036	"yes"	"yes"	1911	"burlar"
1037	"yes"	"yes"	1911	"burlar"
1038	"yes"	"yes"	1911	"burlar"
1039	"yes"	"yes"	1911	"burlar"
1040	"yes"	"yes"	1914	"burlar"
1041	"yes"	"no"	1914	"burlar"
1042	"yes"	"yes"	1914	"burlar"
1043	"yes"	"no"	1914	"burlar"
1044	"yes"	"yes"	1914	"burlar"
1045	"yes"	"yes"	1914	"burlar"
1046	"yes"	"no"	1914	"burlar"
1047	"yes"	"no"	1914	"burlar"
1048	"yes"	"yes"	1914	"burlar"
1049	"yes"	"yes"	1914	"burlar"
1050	"yes"	"yes"	1914	"burlar"
1051	"yes"	"yes"	1914	"burlar"
1052	"yes"	"yes"	1914	"burlar"
1053	"yes"	"yes"	1914	"burlar"
1054	"yes"	"no"	1914	"burlar"
1055	"yes"	"yes"	1914	"burlar"
1056	"yes"	"no"	1914	"burlar"
1057	"yes"	"yes"	1914	"burlar"
1058	"yes"	"yes"	1914	"burlar"
1059	"yes"	"no"	1914	"burlar"
1060	"yes"	"no"	1914	"burlar"
1061	"yes"	"yes"	1914	"burlar"
1062	"yes"	"yes"	1914	"burlar"
1063	"yes"	"yes"	1916	"burlar"
1064	"yes"	"yes"	1916	"burlar"
1065	"yes"	"yes"	1916	"burlar"
1066	"yes"	"yes"	1916	"burlar"
1067	"yes"	"yes"	1921	"burlar"
1068	"yes"	"yes"	1921	"burlar"
1069	"yes"	"no"	1921	"burlar"
1070	"yes"	"yes"	1921	"burlar"
1071	"yes"	"no"	1921	"burlar"
1072	"yes"	"no"	1921	"burlar"
1073	"yes"	"yes"	1921	"burlar"
1074	"yes"	"yes"	1921	"burlar"
1075	"yes"	"no"	1926	"burlar"
1076	"yes"	"yes"	1926	"burlar"
1077	"yes"	"yes"	1926	"burlar"
1078	"yes"	"yes"	1926	"burlar"
1079	"yes"	"yes"	1926	"burlar"
1080	"yes"	"yes"	1926	"burlar"
1081	"yes"	"yes"	1926	"burlar"
1082	"yes"	"yes"	1926	"burlar"
1083	"yes"	"yes"	1926	"burlar"
1084	"yes"	"yes"	1926	"burlar"
1085	"yes"	"no"	1926	"burlar"
1086	"yes"	"yes"	1929	"burlar"
1087	"yes"	"yes"	1930	"burlar"
1088	"yes"	"yes"	1930	"burlar"
1089	"yes"	"no"	1930	"burlar"
1090	"yes"	"yes"	1930	"burlar"
1091	"yes"	"yes"	1930	"burlar"
1092	"yes"	"no"	1930	"burlar"
1093	"yes"	"yes"	1939	"burlar"
1094	"yes"	"no"	1939	"burlar"
1095	"yes"	"no"	1939	"burlar"
1096	"yes"	"no"	1939	"burlar"
1097	"yes"	"no"	1940	"burlar"
1098	"yes"	"no"	1940	"burlar"
1099	"yes"	"no"	1943	"burlar"
1100	"yes"	"yes"	1943	"burlar"
1101	"yes"	"yes"	1945	"burlar"
1102	"yes"	"yes"	1945	"burlar"
1103	"yes"	"yes"	1945	"burlar"
1104	"yes"	"no"	1945	"burlar"
1105	"yes"	"yes"	1948	"burlar"
1106	"yes"	"yes"	1948	"burlar"
1107	"yes"	"yes"	1948	"burlar"
1108	"yes"	"yes"	1948	"burlar"
1109	"yes"	"yes"	1948	"burlar"
1110	"yes"	"yes"	1948	"burlar"
1111	"yes"	"yes"	1948	"burlar"
1112	"yes"	"yes"	1948	"burlar"
1113	"yes"	"yes"	1948	"burlar"
1114	"yes"	"yes"	1949	"burlar"
1115	"yes"	"yes"	1949	"burlar"
1116	"yes"	"yes"	1949	"burlar"
1117	"yes"	"yes"	1949	"burlar"
1118	"yes"	"yes"	1949	"burlar"
1119	"yes"	"yes"	1950	"burlar"
1120	"yes"	"no"	1950	"burlar"
1121	"yes"	"yes"	1950	"burlar"
1122	"yes"	"yes"	1953	"burlar"
1123	"yes"	"yes"	1953	"burlar"
1124	"yes"	"no"	1956	"burlar"
1125	"yes"	"no"	1957	"burlar"
1126	"no"	"no"	1957	"burlar"
1127	"yes"	"no"	1957	"burlar"
1128	"no"	"no"	1957	"burlar"
1129	"yes"	"yes"	1958	"burlar"
1130	"yes"	"no"	1958	"burlar"
1131	"yes"	"yes"	1961	"burlar"
1132	"yes"	"yes"	1961	"burlar"
1133	"yes"	"yes"	1961	"burlar"
1134	"yes"	"yes"	1961	"burlar"
1135	"yes"	"yes"	1961	"burlar"
1136	"yes"	"no"	1961	"burlar"
1137	"yes"	"yes"	1961	"burlar"
1138	"yes"	"yes"	1966	"burlar"
1139	"yes"	"yes"	1966	"burlar"
1140	"yes"	"yes"	1966	"burlar"
1141	"yes"	"yes"	1966	"burlar"
1142	"yes"	"yes"	1966	"burlar"
1143	"yes"	"yes"	1966	"burlar"
1144	"yes"	"yes"	1966	"burlar"
1145	"yes"	"no"	1966	"burlar"
1146	"yes"	"yes"	1966	"burlar"
1147	"yes"	"yes"	1966	"burlar"
1148	"yes"	"yes"	1966	"burlar"
1149	"yes"	"no"	1967	"burlar"
1150	"yes"	"yes"	1967	"burlar"
1151	"yes"	"yes"	1967	"burlar"
1152	"yes"	"yes"	1971	"burlar"
1153	"yes"	"yes"	1972	"burlar"
1154	"yes"	"yes"	1972	"burlar"
1155	"yes"	"yes"	1972	"burlar"
1156	"yes"	"yes"	1972	"burlar"
1157	"yes"	"yes"	1975	"burlar"
1158	"yes"	"no"	1975	"burlar"
1159	"yes"	"yes"	1975	"burlar"
1160	"no"	"no"	1438	"mofar"
1161	"no"	"no"	1500	"mofar"
1162	"no"	"yes"	1500	"mofar"
1163	"no"	"yes"	1530	"mofar"
1164	"no"	"no"	1540	"mofar"
1165	"no"	"yes"	1540	"mofar"
1166	"no"	"yes"	1554	"mofar"
1167	"no"	"no"	1544	"mofar"
1168	"no"	"yes"	1578	"mofar"
1169	"no"	"yes"	1554	"mofar"
1170	"no"	"yes"	1554	"mofar"
1171	"no"	"yes"	1554	"mofar"
1172	"no"	"yes"	1554	"mofar"
1173	"no"	"no"	1558	"mofar"
1174	"no"	"yes"	1585	"mofar"
1175	"no"	"yes"	1588	"mofar"
1176	"no"	"yes"	1588	"mofar"
1177	"yes"	"yes"	1588	"mofar"
1178	"no"	"no"	1588	"mofar"
1179	"no"	"no"	1588	"mofar"
1180	"no"	"yes"	1593	"mofar"
1181	"no"	"no"	1596	"mofar"
1182	"no"	"no"	1596	"mofar"
1183	"no"	"no"	1596	"mofar"
1184	"no"	"yes"	1603	"mofar"
1185	"no"	"yes"	1604	"mofar"
1186	"no"	"yes"	1605	"mofar"
1187	"yes"	"yes"	1734	"mofar"
1188	"yes"	"no"	1734	"mofar"
1189	"yes"	"yes"	1728	"mofar"
1190	"no"	"yes"	1784	"mofar"
1191	"yes"	"no"	1785	"mofar"
1192	"yes"	"no"	1792	"mofar"
1193	"no"	"no"	1806	"mofar"
1194	"yes"	"yes"	1797	"mofar"
1195	"no"	"yes"	1805	"mofar"
1196	"yes"	"yes"	1806	"mofar"
1197	"yes"	"yes"	1832	"mofar"
1198	"yes"	"yes"	1836	"mofar"
1199	"yes"	"yes"	1847	"mofar"
1200	"yes"	"yes"	1849	"mofar"
1201	"yes"	"yes"	1853	"mofar"
1202	"yes"	"yes"	1873	"mofar"
1203	"yes"	"yes"	1879	"mofar"
1204	"yes"	"yes"	1879	"mofar"
1205	"yes"	"yes"	1884	"mofar"
1206	"yes"	"yes"	1886	"mofar"
1207	"yes"	"yes"	1886	"mofar"
1208	"yes"	"yes"	1926	"mofar"
1209	"yes"	"no"	1929	"mofar"
1210	"yes"	"yes"	1930	"mofar"
1211	"yes"	"no"	1938	"mofar"
1212	"yes"	"yes"	1975	"mofar"
